{"cameraMode":{"drawMode":0,"name":"Shaded","section":"Shading Mode"},"sceneLighting":true,"audioPlay":false,"sceneViewState":{"m_AlwaysRefresh":false,"showFog":true,"showSkybox":true,"showFlares":true,"showImageEffects":true,"showParticleSystems":true,"showVisualEffectGraphs":true,"m_FxEnabled":true},"in2DMode":false,"pivot":{"x":0.1324067860841751,"y":1.1915923357009888,"z":-8.1591157913208},"rotation":{"x":-0.2131611555814743,"y":0.002048967406153679,"z":-0.00044719825382344425,"w":-0.977015495300293},"size":1.2124354839324952,"orthographic":false}